Player,Romanized Name,Nationality,Born,Status,Role,Team,Signature Heroes,Game Appearances,Approx. Total Winnings
tunder,,Brazil,"April 26, 2004 (age 21)",Active,DPS,ZoKorp Esports,"Sojourn, Tracer, Cassidy",Overwatch 2,$140
speed75,,Indonesia Saudi Arabia,,Active,DPS,Cold Metal,"Tracer, Ashe, Pharah",Overwatch 2,"$3,729"
Hesty,Yoshikazu Honda,Japan,"September 17, 1999 (age 25)",Active,Support,REVATI,"Lúcio, Baptiste, Brigitte",Overwatch 2,"$1,421"
Zeb,,United States,"January 27, 2002 (age 23)",Active,Tank,Sakura Esports,"Orisa, Sigma, Ramattra",Overwatch Overwatch 2,"$6,162"
pela,,United States,"January 21, 2005 (age 20)",Active,Tank,Dreamland,"Wrecking Ball, Winston, Mauga",Overwatch Overwatch 2,"$3,840"
mazz,,Japan,"January 14, 2001 (age 24)",Active,Support,Aplomb Tiger,"Ana, Zenyatta, Brigitte",Overwatch Overwatch 2,"$1,447"
cookie084,,Germany,,Active,DPS Coach,Team Peps,"Sojourn, Widowmaker",Overwatch Overwatch 2,"$11,998"
Remaker,Yi Jiajun,China,"October 29, 2004 (age 20)",Active,DPS,ZONES,"Freja, Sojourn, Cassidy",,$837
Aki,,,,,,,,,
D4RT,Go Min-hyuk,South Korea,"November 15, 2004 (age 20)",Active,DPS,Poker Face,"Genji, Tracer, Venture",Overwatch Overwatch 2,"$4,082"
FREGRE,,,,,,,,,
pokotaros,,,,,,,,,
Esteban,,,,,,,,,
Eileen,Ou Yiliang,China,"September 26, 2000 (age 24)",Active,DPS,Milk Tea,"Genji, Sombra, Tracer",,"$36,546"
hamster,,Australia,,Active,Support,FURY,"Moira, Mercy, Lifeweaver",Overwatch 2,$755
Faith,Kim Hong-gyu,South Korea,"November 16, 2001 (age 23)",Active,Support Coach,,"Lúcio, Mercy, Brigitte",Overwatch Overwatch 2,"$14,985"
revzi,,New Zealand Philippines,,Active,DPS,,,Overwatch 2,"$1,224"
Prophet,Kim Hyun-been,South Korea,"September 27, 2005 (age 19)",Active,DPS,,"Widowmaker, Ashe, Cassidy",Overwatch Overwatch 2,"$16,286"
Kurumi,So Chun-kit,Hong Kong,"November  2, 2003 (age 21)",Active,DPS,,"Widowmaker, Ashe, Sojourn",Overwatch Overwatch 2,"$2,430"
Taejong,Yoo Tae-jong,South Korea,"August  1, 2006 (age 18)",Active,DPS,ROC Esports,"Tracer, Widowmaker, Genji",Overwatch 2,"$7,685"
WoochaN,Lee Woo-chan,South Korea,"November 26, 2003 (age 21)",Active,Support DPS,,"Genji, Hanzo, Ana",Overwatch Overwatch 2,"$13,534"
D0NGHAK,Kim Min-sung,South Korea,"December  3, 2005 (age 19)",Active,Tank,T1,"Wrecking Ball, Winston, Doomfist",Overwatch Overwatch 2,"$85,000"
UYOU,Um Ho-yong,South Korea,"September  8, 2005 (age 19)",Active,Tank,Please Not Hero Ban,,Overwatch 2,"$2,257"
cuFFa,,Australia,"August 19, 2003 (age 21)",Active,Tank,Geekay Esports,"Winston, Wrecking Ball, Junker Queen",Overwatch Overwatch 2,"$51,167"
Seicoe,,Austria,November 19,Active,DPS,Twisted Minds,"Echo, Mei, Venture",Overwatch Overwatch 2,"$79,579"
DML,,Australia,,Active,DPS,FURY,"Sojourn, Cassidy, Tracer",Overwatch Overwatch 2,"$1,081"
Mealgaru,Lee Jeong-hwan,South Korea,"February 25, 2006 (age 19)",Active,Tank,All Gamers Global,"Wrecking Ball, Winston, Hazard",Overwatch Overwatch 2,"$8,211"
Youbi,Ahmad Alyoubi,Saudi Arabia,"May  5, 2002 (age 23)",Active,DPS,Twisted Minds,"Symmetra, Mei, Tracer",Overwatch Overwatch 2,"$111,785"
ProYung,,,,,,,,,
Tamper,Ma Ji-min,South Korea,"March 15, 2002 (age 23)",Active,Support,,"Kiriko, Ana, Genji",Overwatch Overwatch 2,"$3,919"
StillKIWI,,El Salvador,"August  6, 2003 (age 21)",Active,Support,ZoKorp Esports,"Lúcio, Baptiste, Brigitte",Overwatch Overwatch 2,"$3,212"
scuffed,,United States,"June 25, 2004 (age 21)",Active,Support,Extinction DhillKucks,"Kiriko, Baptiste, Juno",Overwatch Overwatch 2,"$6,997"
TwolzZ,,Netherlands,"December 23, 2001 (age 23)",Active,Tank Flex,Extinction,"D.Va, Sigma, Zarya",Overwatch Overwatch 2,"$10,878"
KSG,Inoue Tomoharu,Japan,,Active,Tank,VARREL,"Winston, Doomfist, Orisa",Overwatch Overwatch 2,"$10,074"
Khenail,,Spain,"August 20, 2005 (age 19)",Active,Support,Gen.G Esports,"Baptiste, Zenyatta, Ana",Overwatch Overwatch 2,"$31,068"
yoham,,Denmark,"July 28, 2003 (age 22)",Active,Support,1DIPVS100GORILLAS,"Baptiste, Kiriko, Ana",Overwatch Overwatch 2,"$7,580"
R3K,Lee Yu-shek,Hong Kong,"August  1, 2005 (age 19)",Active,Tank,Milk Tea,"Doomfist, Junker Queen, Sigma",Overwatch Overwatch 2,"$9,616"
crispy,,United Kingdom,"April 25, 2005 (age 20)",Active,Support,,"Lúcio, Mercy, Brigitte",Overwatch Overwatch 2,"$14,281"
Dip,,France,"August 28, 2006 (age 18)",Active,DPS,1DIPVS100GORILLAS Frost Tails eSport,"Tracer, Genji, Echo",Overwatch 2,"$5,029"
Lengsa,Chen Jingyi,China,"July 30, 2001 (age 23)",Active,Support,ROC Esports,"Brigitte, Lúcio, Baptiste",,"$121,391"
Estreichh,,Australia Germany,"November 18, 2003 (age 21)",Active,Tank Coach,FURY,"D.Va, Sigma, Wrecking Ball",Overwatch 2,"$1,154"
gogo,,France,"September  6, 2003 (age 21)",Active,Support,Frost Tails eSport,"Lúcio, Brigitte, Baptiste",Overwatch Overwatch 2,"$5,246"
Exrai,,Australia Germany,"June 25, 2005 (age 20)",Active,Support,FURY,"Ana, Baptiste, Kiriko",Overwatch Overwatch 2,"$1,627"
Juno,,,,,Support,,,,
Simple,Kim Ji-sung,South Korea,"December  9, 2004 (age 20)",Active,Support,Twisted Minds,"Ana, Zenyatta, Brigitte",Overwatch Overwatch 2,"$21,509"
Danny,Ho Chun-Wei,Taiwan,"October 24, 1993 (age 31)",Inactive,Caster,,,Overwatch,"$4,506"
MAKA,Oh Eun-seok,South Korea,"August 30, 2004 (age 20)",Active,Support,All Gamers Global,"Zenyatta, Ana, Baptiste",Overwatch Overwatch 2,"$9,164"
Hry,,Japan,"July 31, 2004 (age 20)",Active,DPS,Inferno,"Widowmaker, Cassidy, Ashe",Overwatch 2,"$1,367"
Ado,Chon Gi-hyeon,South Korea,"November 16, 1999 (age 25)",Active,DPS Coach,ONSIDE GAMING,"Genji, Tracer, Pharah",Overwatch Overwatch 2,"$16,458"
Ewan,,United States,,Active,Support,,,Overwatch Overwatch 2,"$1,022"
Xzahyo,,,,,,,,,
Kellex,,Denmark,"February  9, 1999 (age 26)",Active,Support,Al Qadsiah,"Lúcio, Mercy, Baptiste",Overwatch Overwatch 2,"$115,750"
Architect,Park Min-ho,South Korea,"February 26, 2000 (age 25)",Active,DPS Flex,,"Genji, Pharah, Tracer",Overwatch Overwatch 2,"$162,341"
Insane,Song Chunhui,China,"February 21, 2006 (age 19)",Active,DPS,Milk Tea,"Cassidy, Tracer, Ashe",,"$11,270"
SKAI,,Romania,"May 19, 2001 (age 24)",Active,Support,The Ultimates,"Baptiste, Kiriko, Ana",Overwatch Overwatch 2,"$50,536"
Jasm1ne,Jeong Jong-min,South Korea,"September 19, 2003 (age 21)",Active,Tank,All Gamers Global,"D.Va, Zarya, Sigma",Overwatch Overwatch 2,"$7,063"
Bilideng,Chen Cheng,China,,Active,Tank,Team CC,"D.Va, Sigma, Hazard",,"$4,064"
slowdive,Majed Alghamdi,Saudi Arabia,,Active,DPS,Team Vision,"Ashe, Widowmaker, Tracer",Overwatch 2,"$7,823"
nuka,Nukada Ryunosuke,Japan,"April 20, 1996 (age 29)",Retired,Support,,"Lúcio, Brigitte, Kiriko",Overwatch 2,$283
Genius91,Chen Shuhan,China,,Active,Manager Tank,Team XX,"Sigma, D.Va, Mercy",,$610
Attack,Kim Jun-hwa,South Korea,"May  1, 2004 (age 21)",Active,Tank,ONSIDE GAMING,"D.Va, Sigma, Zarya",Overwatch Overwatch 2,"$28,497"
decade,,,,,,,,,
Twe12e,Huang Canmei,China,"April 22, 2004 (age 21)",Active,DPS,,"Ashe, Widowmaker, Cassidy",,"$4,398"
Viper,Lee Jung-woong,South Korea,"June 30, 2005 (age 20)",Active,DPS,T1,"Genji, Tracer, Mei",Overwatch Overwatch 2,"$25,796"
meruna,,Japan,,Active,DPS,Nyam Gaming,"Sojourn, Tracer, Widowmaker",Overwatch 2,$376
AOY,Abdulrahman Yousef,Saudi Arabia,"January 18, 2003 (age 22)",Active,Support Tank,,"Lúcio, Ana, Baptiste",Overwatch Overwatch 2,"$12,761"
knife,Lee Seon-woo,South Korea,"July 21, 2004 (age 21)",Active,DPS,Team Liquid,"Tracer, Echo, Sojourn",Overwatch Overwatch 2,"$19,705"
GaaRa,Mustafa Alabdulsalam,Saudi Arabia,"April  8, 2002 (age 23)",Active,Support,Gen.G Esports,"Lúcio, Brigitte, Mercy",Overwatch Overwatch 2,"$20,735"
JBJ,,,,,,,,,
Ryujehong,Ryu Je-hong,South Korea,"September  5, 1991 (age 33)",Active,Support Streamer,Old Ocean,"Ana, Zenyatta, Lifeweaver",Overwatch Overwatch 2,"$91,901"
Sauna,,Finland,"October  3, 2004 (age 20)",Inactive,DPS,SrPeakCheck,"Tracer, Pharah, Genji",Overwatch Overwatch 2,"$46,960"
Despair,Choy Yu-ting,Hong Kong,"June 12, 2003 (age 22)",Active,DPS,MENG GONG 2,"Pharah, Echo, Tracer",Overwatch Overwatch 2,"$1,542"
pOv,Wang Mengyu,China,"February 14, 2002 (age 23)",Active,Support,Home E,"Mercy, Brigitte, Lúcio",,"$4,184"
K4ne,,,,,,,,,
Ken,,Belgium,,Active,DPS,Team Peps,"Ashe, Echo, Junkrat",Overwatch Overwatch 2,"$12,442"
Dumbbell,Hwang Tae-san,South Korea,"July  9, 2006 (age 19)",Active,Tank Support,Cold Metal,"Sigma, D.Va, Ana",Overwatch 2,"$1,165"
Love,,Sweden,"July 25, 2003 (age 22)",Active,DPS,ZoKorp Esports,"Widowmaker, Tracer, Ashe",Overwatch Overwatch 2,"$13,629"
Fone,,United States,"March  7, 2005 (age 20)",Active,DPS Tank,University of Texas at Dallas ExO: Sakura,"Reaper, Mei, Sombra",Overwatch Overwatch 2,"$2,364"
Proud,Hong Suk-jin,South Korea,"November 12, 2006 (age 18)",Active,DPS,T1,"Ashe, Cassidy, Widowmaker",Overwatch Overwatch 2,"$14,744"
FARMER,Kim Yea-han,South Korea,"December  9, 2006 (age 18)",Active,Tank,,,Overwatch 2,"$1,627"
fya,Fan Zi,China,"June 14, 1997 (age 28)",Active,Coach Support,ZONES,"Mercy, Lúcio, Zenyatta",,"$20,186"
AMANE,,,,,,,,,
Aniyun,Yunhee Chi,United States South Korea China,"June  8, 2004 (age 21)",Active,Support,Al Qadsiah Corals,"Baptiste, Ana, Kiriko",Overwatch Overwatch 2,"$8,879"
Langley,,Japan,,Active,Support DPS,,"Baptiste, Kiriko",Overwatch 2,$671
Leonopteryx,Keisuke Yamamoto,Japan,"February 10, 2002 (age 23)",Active,Tank,,"Winston, Orisa, Junker Queen",Overwatch Overwatch 2,"$2,538"
MER1T,Choi Tae-min,South Korea,"June 21, 2002 (age 23)",Active,DPS,Team Falcons,"Sojourn, Widowmaker, Ashe",Overwatch Overwatch 2,"$417,085"
Astro,,United States,,Retired,Manager,,,Overwatch 2,
KIVIS,Jeong Yeon-woo,South Korea,"April 27, 2004 (age 21)",Active,Support,,"Ana, Kiriko, Zenyatta",Overwatch 2,"$1,435"
lumi,,Singapore,"February  7, 2002 (age 23)",Retired,Tank Support,,"D.Va, Junker Queen, Lúcio",Overwatch Overwatch 2,"$6,051"
Proxy,Moon Seo-jin,South Korea,"November 14, 2006 (age 18)",Active,Tank SUP,,"Ana, Zenyatta, Zarya",Overwatch 2,"$1,068"
dra,,,,,,,,,
seeker,,Canada United States,"August  7, 2004 (age 20)",Active,DPS,Spacestation Gaming,"Sojourn, Widowmaker, Bastion",Overwatch Overwatch 2,"$35,853"
Lukemino,,United States,"February 12, 2003 (age 22)",Active,Support,Sign Esports NTMR,"Baptiste, Lúcio, Brigitte",Overwatch Overwatch 2,"$47,453"
winter,Wang Feiyu,China,,Retired,DPS,,"Tracer, Genji, Pharah",,"$40,272"
elva,Song Hyuk-jun,South Korea,"March 26, 2003 (age 22)",Active,DPS,,"Genji, Tracer, Echo",Overwatch Overwatch 2,"$14,886"
s9mm,,United States,"September 11, 2002 (age 22)",Active,DPS,Supernova Winthrop University,"Echo, Genji, Hanzo",Overwatch Overwatch 2,"$76,933"
WGYM,Fynn Corrigan,Japan Canada,"January 12, 2004 (age 21)",Active,Support,Please Not Hero Ban,"Lúcio, Brigitte",Overwatch 2,"$1,400"
JayCo,Tanavit Kotcharin,Thailand,"November 16, 2004 (age 20)",Active,DPS,I LOVE YOU,"Genji, Pharah, Tracer",Overwatch Overwatch 2,"$4,382"
PaLee,Panachai Prathomchandee,Thailand,"November  4, 2004 (age 20)",Active,Support,,"Ana, Kiriko, Lúcio",Overwatch Overwatch 2,"$15,832"
ZEST,Kim Hyun-woo,South Korea,"June  5, 2003 (age 22)",Active,DPS,T1,"Genji, Tracer, Pharah",Overwatch Overwatch 2,"$52,959"
Maybe,,United Kingdom,"June 25, 1990 (age 35)",Inactive,Coach,,,,
ARLLY,,,,,,,,,
Cjay,,United States,"September  2, 2003 (age 21)",Active,Support Coach,Spacestation Gaming Northwood University Blue DhillKucks,"Baptiste, Zenyatta, Ana",Overwatch Overwatch 2,"$46,387"
Junbin,Park Jun-bin,South Korea,"October  5, 2005 (age 19)",Active,Tank,Crazy Raccoon,"Wrecking Ball, Winston, Orisa",Overwatch Overwatch 2,"$167,293"
D0D0,Hyeon Jae-woong,South Korea,"August 20, 2005 (age 19)",Active,DPS,Nyam Gaming,"Genji, Echo, Tracer",Overwatch 2,$604
KL1,,,,,,,,,
1zU,,,,,,,,,
Casanova,Zhang Yurui,China,"March 18, 2002 (age 23)",Active,DPS,,"Sojourn, Ashe, Widowmaker",,"$1,415"
Kyrei,,,,,,,,,
Leedy,,,,,,,,,
Mimoza,Tomohiro Tahara,Japan,"July 23, 2003 (age 22)",Active,Support,VARREL,"Kiriko, Illari, Lúcio",Overwatch 2,"$3,276"
ChoiSehwan,Choi Se-hwan,South Korea,"October 13, 2002 (age 22)",Active,DPS,Team Vision,"Genji, Echo, Tracer",Overwatch Overwatch 2,"$18,949"
ZzetaA,Tanavit Kotcharin,Thailand,"November 16, 2004 (age 20)",Active,DPS,I LOVE YOU,"Genji, Pharah, Tracer",Overwatch Overwatch 2,"$4,382"
Renko,,United States,"August 12, 2002 (age 22)",Retired,Support,,"Zenyatta, Ana, Baptiste",Overwatch Overwatch 2,"$30,789"
EuclidEUC,,Japan,"September 11, 1997 (age 27)",Active,Support,Nyam Gaming,"Brigitte, Kiriko, Ana",Overwatch 2,$751
Diya,Lu Weida,China,"July 30, 1999 (age 25)",Active,DPS,ROC Esports,"Widowmaker, Tracer, Cassidy",Overwatch,"$86,639"
FDGod,,France Indonesia,"August 27, 2001 (age 23)",Active,Support,Team Peps,"Lúcio, Brigitte, Mercy",Overwatch Overwatch 2,"$66,322"
zeruhh,,United States Ecuador,"September 27, 2006 (age 18)",Active,DPS Coach,Team Liquid Winthrop University,"Genji, Tracer, Reaper",Overwatch Overwatch 2,"$36,021"
Daisy,Shiono Hiromu,Japan,"June 15, 1999 (age 26)",Active,DPS,Aplomb Tiger,"Tracer, Ashe, Widowmaker",Overwatch Overwatch 2,"$4,501"
cjay,,United States,"September  2, 2003 (age 21)",Active,Support Coach,Spacestation Gaming Northwood University Blue DhillKucks,"Baptiste, Zenyatta, Ana",Overwatch Overwatch 2,"$46,387"
Chu,,United Kingdom,,Retired,Coach,,,,
GFONAFASK,,,,,,,,,
UltraViolet,,United States,"April  1, 2004 (age 21)",Active,Support DPS,Geekay Esports Winthrop University,"Baptiste, Zenyatta, Ana",Overwatch Overwatch 2,"$103,468"
Akie,Park Do-yun,South Korea,"August 21, 2006 (age 18)",Active,Tank,Little Sheep,"Hazard, Orisa, Zarya",Overwatch 2,$976
NuoRan,Liu Xin,China,,Active,Supports,Blade,"Lúcio, Brigitte",,"$5,250"
ChiYo,Han Hyeon-seok,South Korea,"September  8, 2003 (age 21)",Active,Support,Team Falcons,"Lúcio, Mercy, Brigitte",Overwatch Overwatch 2,"$383,974"
Kio,,France,"March 11, 2006 (age 19)",Active,DPS,,"Cassidy, Widowmaker, Sojourn",Overwatch Overwatch 2,"$5,283"
HYE,Chatin Pakdeepong,Thailand,"January  9, 1999 (age 26)",Active,DPS,,"Genji, Reaper, Tracer",Overwatch 2,$911
Haku,,Japan United States,,Inactive,Support,,"Zenyatta, Ana, Moira",Overwatch,"$13,017"
Rakattack,,United States,"September 22, 2002 (age 22)",Active,Support Streamer,The Gatos Guapos Winthrop University Gen.G Esports,"Lifeweaver, Brigitte, Lúcio",Overwatch Overwatch 2,"$42,815"
Flora,Yim Young-woo,South Korea,"December 26, 2002 (age 22)",Active,DPS,ZETA DIVISION,"Cassidy, Ashe, Widowmaker",Overwatch Overwatch 2,"$37,264"
Chase,Oleksandr Okseschenko,Ukraine,"April 23, 2004 (age 21)",Active,Tank,,"Wrecking Ball, Winston, Doomfist",Overwatch Overwatch 2,"$20,400"
Qlm,Nawaf,Saudi Arabia,,Active,DPS,Al Qadsiah Penn State University,"Sojourn, Widowmaker, Ashe",Overwatch Overwatch 2,"$12,149"
eisgnom,,Germany,"February 25, 2006 (age 19)",Active,Tank,Virtus.pro,"D.Va, Doomfist, Winston",Overwatch Overwatch 2,"$9,640"
Tred,,United Kingdom,"June 10, 2005 (age 20)",Active,Tank,Team Peps St. Clair College,"D.Va, Doomfist, Winston",Overwatch Overwatch 2,"$16,149"
Qloud,Takashi Umeda,Japan,"July 15, 2000 (age 25)",Active,Support,VARREL,"Baptiste, Ana, Kiriko",Overwatch Overwatch 2,"$9,606"
GAP,,United States,"April  5, 2005 (age 20)",Active,Tank,,"Mauga, Ramattra, Orisa",Overwatch Overwatch 2,"$1,055"
AZent,Jang Hyeon-ik,South Korea,"December 30, 2006 (age 18)",Active,DPS,REVATI,"Genji, Pharah, Tracer",Overwatch 2,$596
Drunk,,,,,,,,,
Vision,,United States,"August 12, 2002 (age 22)",Active,Coach DPS,Dreamland,"Hanzo, Widowmaker, Cassidy",Overwatch Overwatch 2,"$34,468"
BILIDENG,Chen Cheng,China,,Active,Tank,Team CC,"D.Va, Sigma, Hazard",,"$4,064"
Nico,Fujikawa Daisuke,Japan,"February  3, 1999 (age 26)",Active,DPS,VARREL,"Tracer, Sojourn, Genji",Overwatch Overwatch 2,"$13,368"
Becky,Kim Il-ha,South Korea,"October  2, 2003 (age 21)",Active,DPS,,"Echo, Tracer, Mei",Overwatch Overwatch 2,"$6,377"
Damo,Zhong Haoyang,Hong Kong,"August 18, 2002 (age 22)",Active,Tank,Cold Metal,"Winston, Orisa, D.Va",Overwatch 2,$240
Lumi,,Singapore,"February  7, 2002 (age 23)",Retired,Tank Support,,"D.Va, Junker Queen, Lúcio",Overwatch Overwatch 2,"$6,051"
SoloZen,,United States,"April 29, 2002 (age 23)",Active,Support,,"Zenyatta, Baptiste, Kiriko",Overwatch Overwatch 2,"$1,377"
Sungeun,Park Sung-eun,South Korea,"October 24, 2001 (age 23)",Active,Tank,Amplify,"Winston, Reinhardt, Orisa",Overwatch Overwatch 2,"$1,505"
guxue,Xu Qiulin,China,"October 16, 2000 (age 24)",Active,Tank,Weibo Gaming,"Winston, Reinhardt, Doomfist",Overwatch,"$190,964"
Hop3r,Park Se-hyun,South Korea,"January 22, 2006 (age 19)",Active,DPS,,,Overwatch 2,$534
feiyang,Chen Shihang,China,"November  2, 2003 (age 21)",Active,Tank,Team XX,"Roadhog, Zarya, D.Va",,"$2,697"
HEISER,Cho-Yu-hyun,South Korea,"February  7, 2008 (age 17)",Active,Tank,Poker Face,"Winston, Reinhardt, Ramattra",Overwatch Overwatch 2,"$2,315"
JinMu,Yi Hu,China,"May 15, 1999 (age 26)",Active,DPS,ROC Esports,"Genji, Pharah, Echo",Overwatch,"$39,291"
Sour4,,,,,,,,,
iMOH97,Mohammed Alinize,Saudi Arabia,"August 24, 2001 (age 23)",Active,Tank Caster,,"D.Va, Sigma, Zarya",Overwatch Overwatch 2,"$37,280"
SeungAn,Lee Seung-an,South Korea,"October 30, 2006 (age 18)",Active,Tank,VEC,"Sigma, D.Va, Ramattra",Overwatch Overwatch 2,"$4,006"
Edison,Kim Tae-hoon,South Korea,"November 16, 2001 (age 23)",Active,DPS,REJECT,"Tracer, Reaper, Sojourn",Overwatch Overwatch 2,"$355,647"
Gaisen,Mori Yoshiki,Japan,"October 19, 2001 (age 23)",Active,Support,Aplomb Tiger,"Kiriko, Baptiste, Illari",Overwatch 2,"$1,183"
Majin,,France,"January  2, 2006 (age 19)",Active,Tank,,"D.Va, Sigma, Ramattra",Overwatch 2,"$1,763"
Aester,Shin Seung-woo,South Korea,"October 22, 2001 (age 23)",Active,Support DPS,Team XX,"Tracer, Mei, Echo",Overwatch Overwatch 2,"$6,304"
Proxiezs,,Indonesia,,Active,DPS Support,Cold Metal,"Sojourn, Genji, Baptiste",Overwatch Overwatch 2,"$2,262"
Univ2r,Jang Geon-ik,South Korea,"December 30, 2006 (age 18)",Active,Support,Full House,"Juno, Ana, Kiriko",Overwatch 2,$250
WhoRU,Lee Seung-jun,South Korea,"August 23, 2001 (age 23)",Active,DPS,Gen.G Esports,"Genji, Tracer, Pharah",Overwatch Overwatch 2,"$288,887"
Landon,,United States,"November  7, 2001 (age 23)",Active,Support,Al Qadsiah,"Baptiste, Kiriko, Brigitte",Overwatch Overwatch 2,"$114,937"
Misin,Choi Hyun-geun,South Korea,"April 22, 2006 (age 19)",Active,Support,,"Ana, Zenyatta",Overwatch Overwatch 2,"$5,700"
Mew,Li Xianyao,China,"September 29, 2000 (age 24)",Active,Support,Weibo Gaming,"Mercy, Brigitte, Lúcio",Overwatch,"$60,357"
Rrmy,,Japan,"July 25, 1996 (age 29)",Active,DPS,REJECT,"Tracer, Genji, Ashe",Overwatch Overwatch 2,"$2,800"
par,,New Zealand,"April  9, 2003 (age 22)",Retired,DPS,,"Sojourn, Tracer, Reaper",Overwatch Overwatch 2,"$7,228"
xzodyal,,Spain,"December 29, 2006 (age 18)",Active,DPS Coach,Gen.G Esports,"Sojourn, Cassidy, Widowmaker",Overwatch 2,"$10,747"
Kellan,Kim Min-jae,South Korea,"October  9, 2003 (age 21)",Active,Tank,Spacestation Gaming,"Winston, Reinhardt, Wrecking Ball",Overwatch Overwatch 2,"$37,671"
HINIS4Ku,,,,,,,,,
Mercury,,United States Russia,"April 23, 2001 (age 24)",Active,Coach Support,ZoKorp Esports Bellevue University,"Kiriko, Ana, Zenyatta",Overwatch Overwatch 2,$27
Tom4to,,,,,,,,,
Rohan,,,,,,,,,
Wh4le,Hao Zijie,China,"October 18, 2004 (age 20)",Active,DPS,,"Sojourn, Cassidy, Ashe",,"$2,927"
F1nally,,,,,,,,,
zox,Ziyad Murdhi Aldosarie,Saudi Arabia,"July  4, 2006 (age 19)",Active,Support,Gen.G Esports,"Ana, Baptiste, Juno",Overwatch 2,"$7,074"
Bliss,Kim So-myung,South Korea,"January  5, 2005 (age 20)",Active,Support,Spacestation Gaming,"Lúcio, Brigitte, Mercy",Overwatch Overwatch 2,"$81,000"
Prota,,United States,"November  5, 2003 (age 21)",Active,Support,Bryant & Stratton College Virginia ExO: Sakura,"Baptiste, Ana, Illari",Overwatch Overwatch 2,"$7,054"
LtNest,,Japan,"March 17, 1998 (age 27)",Active,Support,,"Ana, Mercy, Lúcio",Overwatch 2,$680
Twilight,Lee Joo-seok,South Korea,"February  8, 1998 (age 27)",Active,Support,The Ultimates,"Ana, Zenyatta, Baptiste",Overwatch Overwatch 2,"$179,622"
Arise,,South Korea,,Active,DPS,Shikigami Illinois State University Academy,"Widowmaker, Tracer, Genji",Overwatch Overwatch 2,"$1,194"
Vosa1q,,,,,,,,,
PEPPI,Kim Noah,South Korea,"October 15, 2005 (age 19)",Active,Tank,,"Sigma, D.Va, Zarya",Overwatch Overwatch 2,"$10,392"
Axure,,Canada,"March 16, 2006 (age 19)",Active,Tank,DhillDucks St. Clair College,"Doomfist, Sigma, Zarya",Overwatch 2,"$1,812"
Whoru,Lee Seung-jun,South Korea,"August 23, 2001 (age 23)",Active,DPS,Gen.G Esports,"Genji, Tracer, Pharah",Overwatch Overwatch 2,"$288,887"
One,Fahad Aloqayli,Saudi Arabia,"December 25, 2004 (age 20)",Active,Support,Team Vision,"Zenyatta, Ana, Baptiste",Overwatch Overwatch 2,"$66,439"
November,Kim Gyu-min,South Korea,"November 19, 2004 (age 20)",Active,Support DPS,LostNever Gaming,"Ana, Zenyatta, Tracer",Overwatch Overwatch 2,"$2,697"
MAX,Choi Su-min,South Korea,"November 23, 2004 (age 20)",Active,Tank,Crazy Raccoon,"Sigma, D.Va, Zarya",Overwatch Overwatch 2,"$164,800"
Rokit,,United States,"April  5, 2005 (age 20)",Active,DPS,Sign Esports NTMR Northwood University Blue,"Tracer, Genji, Ashe",Overwatch Overwatch 2,"$26,420"
Overshake,Kim Do-hoon,Singapore South Korea,"December  4, 2004 (age 20)",Active,Support,Full House,"Lúcio, Brigitte, Zenyatta",Overwatch Overwatch 2,"$3,519"
CheckMate,Baek Seung-hun,South Korea,"May  8, 2001 (age 24)",Active,DPS,Al Qadsiah,"Genji, Tracer, Echo",Overwatch Overwatch 2,"$286,364"
Remedy,Yin Jiajun,China,"October 12, 2004 (age 20)",Active,Support,Milk Tea,"Illari, Baptiste, Ana",,"$3,532"
JONGWOO,Park Jong-woo,South Korea,"September 24, 2004 (age 20)",Active,Support,I LOVE YOU,,Overwatch Overwatch 2,$264
Kilo,Jung Jin-woo,South Korea,"July  8, 2003 (age 22)",Active,DPS,ONSIDE GAMING,"Widowmaker, Ashe, Cassidy",Overwatch Overwatch 2,"$136,991"
LBBD7,Abdulelah Alfaifi,Saudi Arabia,"May 13, 2005 (age 20)",Active,DPS Flex,Al Qadsiah,"Pharah, Echo, Sojourn",Overwatch Overwatch 2,"$85,855"
Epic,Takumi Ohta,Japan,"April  6, 2002 (age 23)",Active,Support,REJECT,"Brigitte, Lúcio, Kiriko",Overwatch Overwatch 2,"$2,316"
NHZ,Yuto Yagami,Japan,"November  3, 2002 (age 22)",Active,Support,REVATI,"Brigitte, Lúcio",Overwatch Overwatch 2,"$2,271"
Seqtar,,New Zealand Australia,"July 30, 2000 (age 24)",Active,Support,mud dog,"Baptiste, Zenyatta, Ana",Overwatch Overwatch 2,"$5,328"
HaoYoQian,Wu Gengtuo,China,"June 12, 2000 (age 25)",Active,Coach Support,Team CC,"Lúcio, Mercy, Brigitte",,"$88,156"
Xeriongdh,,France,"March 26, 2005 (age 20)",Active,Support,Team Peps,"Kiriko, Baptiste, Ana",Overwatch Overwatch 2,"$12,827"
Dank,,Australia,"May 10, 2003 (age 22)",Active,Tank,mud dog,"Winston, Wrecking Ball, Orisa",Overwatch Overwatch 2,"$12,556"
HEESUNG,Lee Hee-sung,South Korea,"June 20, 2006 (age 19)",Active,Tank,,"Winston, Ramattra, Sigma",Overwatch Overwatch 2,"$5,812"
Yunko,,Singapore,"January 24, 2005 (age 20)",Active,Flex,Full House,"Ramattra, Brigitte, Symmetra",Overwatch Overwatch 2,"$1,943"
Sley,Kim Jae-hwan,South Korea,"December  6, 2004 (age 20)",Active,Support,VARREL,"Zenyatta, Ana, Baptiste",Overwatch Overwatch 2,"$6,565"
SWOO,Yoo Ju-ho,South Korea,"January 24, 2007 (age 18)",Active,Tank,Inferno,"Winston, Ramattra, Sigma",Overwatch 2,"$1,397"
CHATCHAI,,,,,,,,,
Scarlett,Kwon Moon-kyung,South Korea,"April 13, 2005 (age 20)",Active,DPS,VEC,"Genji, Pharah, Tracer",Overwatch Overwatch 2,"$4,132"
Hypnotic,,Australia,"September 22, 2005 (age 19)",Active,Tank DPS,,"Doomfist, Genji, Sombra",Overwatch Overwatch 2,"$1,773"
RAYMOMO,Yu Yu-jui,Taiwan,"October  1, 2002 (age 22)",Active,Support,,"Zenyatta, Ana, Kiriko",Overwatch Overwatch 2,"$3,664"
sugarfree,,United States,"December 16, 2004 (age 20)",Active,DPS,Spacestation Gaming,"Genji, Echo, Tracer",Overwatch Overwatch 2,"$124,207"
SUZUME,,,,,,,,,
Ydot,,Japan,"July  1, 2003 (age 22)",Active,Support,REJECT,"Ana, Kiriko, Moira",Overwatch 2,"$3,008"
Grapes,,United States,"November  6, 2002 (age 22)",Active,Support,Supernova Fisher College,"Lúcio, Baptiste, Brigitte",Overwatch Overwatch 2,"$11,313"
KiWii,,United Kingdom United States Ireland,"January 21, 2006 (age 19)",Active,Support,Fisher College,"Baptiste, Kiriko",Overwatch 2,"$3,310"
Undersea,Shunsei Fujii,Japan,"April  1, 2001 (age 24)",Active,DPS,Lazuli,"Genji, Echo, Sombra",Overwatch Overwatch 2,"$3,261"
Farway1987,Cao Jiale,China,"September 11, 2001 (age 23)",Active,Support,Team CC,"Zenyatta, Ana, Baptiste",,"$85,575"
Vestola,,Finland,"April  7, 2000 (age 25)",Active,Tank,Virtus.pro,"D.Va, Sigma, Ramattra",Overwatch Overwatch 2,"$73,662"
Proper,Kim Dong-hyun,South Korea,"December  1, 2003 (age 21)",Active,DPS,Team Falcons,"Tracer, Genji, Sojourn",Overwatch Overwatch 2,"$225,255"
Catlight,Choi Jun-seong,South Korea,"April 26, 2004 (age 21)",Active,DPS Coach,,"Symmetra, Torbjörn",Overwatch 2,$945
xten,,Cambodia United States,"October 27, 2005 (age 19)",Active,DPS,Sakura Esports,"Sojourn, Widowmaker, Ashe",Overwatch 2,"$5,185"
Pineapple,Li Zhuo,China,"August  4, 2003 (age 21)",Active,DPS Support,Team CC,"Tracer, Kiriko, Cassidy",Overwatch,"$109,381"
China,,,,,,,,,
v1ctory,,Canada,,Active,DPS,DhillDucks,"Widowmaker, Ashe, Cassidy",Overwatch Overwatch 2,"$2,305"
Ecc,Luo Weitai,China,"February 18, 2002 (age 23)",Active,Manager DPS,Team Equal,"Genji, Tracer, Reaper",Overwatch 2,"$1,568"
ARCHE,Kim Tae-ha,South Korea,"January  5, 2004 (age 21)",Active,Coach DPS,New Era,"Widowmaker, Ashe, Tracer",Overwatch Overwatch 2,"$2,038"
Suraimu,,Japan,"March 28, 2002 (age 23)",Active,Support,Please Not Hero Ban,"Illari, Bastion, D.Va",Overwatch 2,$983
Wolf,,United States,,Retired,DPS,,"Cassidy, Widowmaker",Overwatch Overwatch 2,"$1,279"
pdk,,United States,"July 22, 2006 (age 19)",Active,Flex Manager,University of Utah DhillDucks,"Tracer, Junkrat, Ashe",Overwatch Overwatch 2,"$1,503"
Mashiro,Tang Jiaqi,China,"November 24, 2002 (age 22)",Active,DPS Support,Homie E,"Winston, Mauga, Tracer",Overwatch Overwatch 2,"$1,774"
LUX,,,,,,,,,
epic,Takumi Ohta,Japan,"April  6, 2002 (age 23)",Active,Support,REJECT,"Brigitte, Lúcio, Kiriko",Overwatch Overwatch 2,"$2,316"
selfish,Sakaki Ryuichi,Japan,,Active,Support,Inferno,"Ana, Moira, Brigitte",,"$2,617"
Raikker,,United States,"February  9, 2005 (age 20)",Active,Tank Coach,,"Wrecking Ball, Winston, Doomfist",Overwatch Overwatch 2,"$21,261"
HeeSang,Chae Hee-sang,South Korea,"March  3, 2005 (age 20)",Active,DPS,Crazy Raccoon,"Genji, Tracer, Echo",Overwatch Overwatch 2,"$172,283"
Strebor,,United Kingdom,,Active,Support,,"Lúcio, Brigitte, Zenyatta",Overwatch Overwatch 2,"$4,382"
Kani,,Brazil,"November  8, 2007 (age 17)",Active,Tank,ZoKorp Esports,"D.Va, Junker Queen, Zarya",Overwatch 2,"$2,161"
NenWhy,,United States,"July 23, 2005 (age 20)",Active,Support,Extinction Bryant & Stratton College Virginia Avidity Kittens,"Mercy, Lúcio, Brigitte",Overwatch 2,"$6,821"
CrazyCat,,United States,,Active,Support,Amplify,"Kiriko, Juno, Baptiste",Overwatch 2,"$1,022"
Ade,Lee Ji-hwan,South Korea,"January 17, 2004 (age 21)",Active,DPS,All Gamers Global,"Ashe, Sojourn, Freja",Overwatch Overwatch 2,"$18,106"
Takoyaki,Lee Young-hyun,South Korea,"April 18, 2003 (age 22)",Inactive,Tank,,"Reinhardt, Winston, Orisa",Overwatch Overwatch 2,"$22,911"
WilmaFistFit,,Ecuador United States,,Active,DPS Support,ZoKorp Esports,,Overwatch 2,$190
Chopper,,United States South Korea,"June  4, 2003 (age 22)",Active,DPS,,"Sojourn, Genji, Widowmaker",Overwatch Overwatch 2,"$19,054"
Ezhan,Lee Ji-han,South Korea,"December 14, 2003 (age 21)",Active,DPS,,"Widowmaker, Ashe, Sojourn",Overwatch Overwatch 2,"$15,686"
Dororo,,,,,,,,,
D0nghun,Park Dong-hun,South Korea,"February  1, 2006 (age 19)",Active,Support,Team Vision,"Lúcio, Brigitte, Baptiste",Overwatch Overwatch 2,"$10,246"
Lavender,Lee Seung-je,South Korea,"June  2, 2005 (age 20)",Active,Support,Team Equal,"Ana, Zenyatta, Baptiste",Overwatch 2,"$1,030"
Hope,Jerry Ho,Taiwan,"March 20, 2001 (age 24)",Active,DPS,,"Tracer, Echo, Hanzo",Overwatch Overwatch 2,"$2,390"
GACHAPIN,,Japan,"January 23, 2005 (age 20)",Active,DPS,Please Not Hero Ban,"Sojourn, Widowmaker, Ashe",Overwatch 2,$912
pressure,Jeong Hyeong-ju,South Korea,"September 12, 2001 (age 23)",Active,Tank,,"Sigma, Zarya, D.Va",Overwatch Overwatch 2,"$7,221"
Leave,Huang Xin,China,"October 23, 2001 (age 23)",Active,DPS,Weibo Gaming,"Tracer, Echo, Hanzo",Overwatch Overwatch 2,"$246,397"
Zydra,,Austria,"September 26, 2002 (age 22)",Active,DPS,1DIPVS100GORILLAS,"Sombra, Sojourn, Cassidy",Overwatch Overwatch 2,"$3,183"
Action,Nakamura Tsubasa,Japan,"November  7, 2000 (age 24)",Active,Tank,Nyam Gaming,"Winston, Ramattra, Hazard",Overwatch Overwatch 2,$589
Solo,,Canada,"June 30, 2004 (age 21)",Active,Tank,Shikigami Toronto Metropolitan University,"Junker Queen, Winston, Orisa",Overwatch 2,"$2,269"
Poke,,Peru,"April  6, 2000 (age 25)",Active,Support Coach,ZoKorp Esports,"Zenyatta, Baptiste, Ana",Overwatch Overwatch 2,"$5,026"
yumilalan,,Japan,"July 20, 2006 (age 19)",Active,Tank,Aplomb Tiger,"Sigma, Hazard, Ramattra",Overwatch 2,$303
Mihawk,Ukihasu Sho,Japan,,Active,Streamer DPS,VARREL,"Widowmaker, Ashe, Hanzo",Overwatch Overwatch 2,"$8,731"
BERNAR,Shin Se-won,South Korea,"August 18, 2000 (age 24)",Active,Tank,ZETA DIVISION,"D.Va, Zarya, Sigma",Overwatch Overwatch 2,"$159,021"
sHockWave,,Denmark,"July 25, 2000 (age 25)",Active,DPS,Virtus.pro,"Widowmaker, Echo, Ashe",Overwatch Overwatch 2,"$52,965"
FiNN,Oh Se-jin,South Korea Japan,"September 19, 2003 Minamichita, Japan (age 21)",Active,Support,ZETA DIVISION,"Zenyatta, Ana, Kiriko",Overwatch Overwatch 2,"$175,095"
MCD,Lee Jeong-ho,South Korea,"December 25, 1998 (age 26)",Active,Support,,"Zenyatta, Ana, Moira",Overwatch Overwatch 2,"$58,780"
Ace,,Switzerland Turkey,"September 23, 2005 (age 19)",Active,DPS,Wasp X Ohhhh No,"Tracer, Mei, Echo",Overwatch Overwatch 2,"$2,386"
Maltma,,Australia,"February 29, 2000 (age 25)",Active,Support,FURY,"Baptiste, Lúcio, Moira",Overwatch 2,$405
Hitori,,Germany,"December  1, 2004 (age 20)",Active,Tank,Extinction Avidity Kittens,"Winston, Ramattra, D.Va",Overwatch Overwatch 2,"$8,645"
Exia,Shin Jae-hyeok,South Korea,,Retired,Support,,,Overwatch,"$2,384"
SeonJun,Park Seon-jun,South Korea,"March 23, 2006 (age 19)",Active,DPS Tank,All Gamers Global,"Tracer, Genji, Venture",Overwatch Overwatch 2,"$14,871"
Punk,,Australia,"October 22, 2001 (age 23)",Active,Tank,The Gatos Guapos,"Junker Queen, D.Va, Zarya",Overwatch Overwatch 2,"$19,428"
Kutoto,,,,,,,,,
Admiral,,Estonia,"May 28, 2001 (age 24)",Active,Support,Geekay Esports,"Lúcio, Brigitte, Lifeweaver",Overwatch Overwatch 2,"$99,519"
BaLLisTa,,,,,,,,,
Tomosa,,,,,,,,,
Mag,Kim Tae-sung,South Korea,"June 12, 2002 (age 23)",Active,Tank,,"Reinhardt, Winston, Wrecking Ball",Overwatch Overwatch 2,"$66,037"
Galaa,,Spain,"April  9, 2004 (age 21)",Active,Support,Virtus.pro,"Illari, Kiriko, Lúcio",Overwatch Overwatch 2,"$30,436"
tengyuan,Kang Jintao,China,"May  4, 2002 (age 23)",Active,DPS,ZONES,"Tracer, Sojourn, Genji",,$837
M1NUT2,Seo Min-seo,South Korea,"June 20, 2003 (age 22)",Active,DPS,,"Ashe, Widowmaker, Tracer",Overwatch Overwatch 2,"$6,199"
Stalk3r,Jeong Hak-yong,South Korea,"August 26, 2003 (age 21)",Active,DPS,Team Falcons,"Genji, Tracer, Echo",Overwatch Overwatch 2,"$191,003"
Hanbin,Choi Han-been,South Korea,"February 20, 2002 (age 23)",Active,Tank,Team Falcons,"Sigma, Zarya, Junker Queen",Overwatch Overwatch 2,"$233,502"
eYeKu,,Japan,"March  9, 2002 (age 23)",Active,Support,INSOMNIA,"Ana, Kiriko",Overwatch Overwatch 2,$883
SORI,,,,,,,,,
kiru01,Katsutaka Arai,Japan,"November 29, 1997 (age 27)",Active,Support,VortexWolf,"Kiriko, Baptiste, Lifeweaver",Overwatch Overwatch 2,"$2,558"
baz,,United States,"August 25, 2001 (age 23)",Active,Tank Coach,DhillDucks,"Winston, Ramattra, Lúcio",Overwatch Overwatch 2,"$1,929"
LiGe,Jia Chengjie,China,"September  6, 2001 (age 23)",Active,Tank,Weibo Gaming,"Sigma, D.Va, Zarya",,"$61,250"
Yoshinori2k,Napawee Suwannasak,Thailand,"October 16, 2007 (age 17)",Active,DPS,Full House,"Tracer, Ashe, Genji",Overwatch Overwatch 2,"$6,956"
squid,,United States,"May  3, 2004 (age 21)",Active,Support DPS,Spacestation Gaming,"Kiriko, Zenyatta, Ana",Overwatch Overwatch 2,"$24,271"
Neivis,,Japan,"November 11, 2001 (age 23)",Active,Support,Please Not Hero Ban,"Ana, Zenyatta, Mei",Overwatch Overwatch 2,"$2,471"
Kyo,,Brazil,,Retired,Tank,,,Overwatch,"$3,172"
DOX,Kim Min-seok,South Korea,,Active,Coach Tank,VEC,,Overwatch,$50
xomba,,United States,"October 27, 2007 (age 17)",Active,DPS,Extinction,"Tracer, Sojourn, Cassidy",Overwatch 2,"$5,661"
OLAM,,Australia,,Active,DPS,mud dog,"Tracer, Mei, Reaper",Overwatch Overwatch 2,"$4,951"
Graveyard,,Canada,"September 26, 2005 (age 19)",Active,Support Coach,,"Kiriko, Ana, Illari",Overwatch 2,"$2,831"
Beeple,,,,,,,,,
Skytorr,,Belgium,"July 28, 2003 (age 22)",Active,Tank,,"Winston, Doomfist, Mauga",Overwatch Overwatch 2,"$5,844"
CCJPITY,Chen Xinyuan,China,"July  4, 2003 (age 22)",Active,DPS,Team XX,"Ashe, Cassidy, Widowmaker",,"$4,434"
Sakume,,Japan,"April 23, 1999 (age 26)",Active,Support,REJECT,"Ana, Zenyatta, Kiriko",Overwatch Overwatch 2,"$3,419"
FiXa,Kwon Yeong-hun,South Korea,"May  2, 2004 (age 21)",Active,Support,Virtus.pro,"Brigitte, Lúcio, Ana",Overwatch Overwatch 2,"$62,425"
BreadTurtle,Lee Tae-mok,South Korea,"April 11, 2004 (age 21)",Active,DPS Support,Inferno The Bakery,"Kiriko, Ana",Overwatch Overwatch 2,"$1,752"
Argon,Kim Han-saem,South Korea,"August 15, 2005 (age 19)",Active,DPS,Team XX,"Tracer, Echo, Genji",Overwatch Overwatch 2,"$4,472"
TR33,,United States South Korea,"May 10, 2007 (age 18)",Active,DPS Support,Team Liquid,"Sojourn, Tracer, Hanzo",Overwatch Overwatch 2,"$51,155"
Apr1ta,Li Yuanjinghao,China,"September  8, 2003 (age 21)",Active,DPS,Weibo Gaming,"Tracer, Ashe, Cassidy",,"$34,132"
skewed,Kim Min-seok,South Korea,"January 11, 2001 (age 24)",Active,Support,T1,"Zenyatta, Ana, Brigitte",Overwatch Overwatch 2,"$132,415"
Mazz,,Japan,"January 14, 2001 (age 24)",Active,Support,Aplomb Tiger,"Ana, Zenyatta, Brigitte",Overwatch Overwatch 2,"$1,447"
Keiou,,Japan,,Active,Support,JKOT,"Lúcio, Brigitte",Overwatch 2,$535
Kairen,,Thailand,"August 19, 2005 (age 19)",Active,Tank,Cold Metal,"Winston, Orisa, Wrecking Ball",Overwatch 2,"$2,598"
KSAA,Alhumaidi Alruwaili,Saudi Arabia United States,"March 28, 2001 (age 24)",Active,Tank,Twisted Minds,"D.Va, Sigma, Ramattra",Overwatch Overwatch 2,"$100,664"
JaeWoo,Kim Jae-woo,South Korea,"June 19, 2007 (age 18)",Active,DPS,Virtus.pro,"Tracer, Echo, Genji",Overwatch Overwatch 2,"$16,710"
shkyp,,Pakistan Australia,,Active,DPS,FURY,"Tracer, Genji",Overwatch Overwatch 2,"$1,031"
Jaelun,,,,,,,,,
Yott1y,,,,,,,,,
Romani,,United States Turkey,"March  3, 2003 (age 22)",Active,Tank,Factor X,"Junker Queen, Roadhog, Ramattra",Overwatch Overwatch 2,"$7,608"
Sp1nel,Lee Chang-sub,South Korea,"January 11, 2005 (age 20)",Active,Support,Lazuli,"Lúcio, Ana, Baptiste",Overwatch Overwatch 2,"$4,293"
Vega,,United States Mexico,"May 31, 2006 (age 19)",Active,Support,Team Liquid,"Lúcio, Brigitte, Illari",Overwatch Overwatch 2,"$104,882"
Kotaro,,Japan,,Active,Tank,REVATI,,,"$1,303"
Prologue,Sakaki Ryuichi,Japan,,Active,Support,Inferno,"Ana, Moira, Brigitte",,"$2,617"
Qutyan,,,,,,,,,
Rajeem,,India United States,"May 19, 2006 (age 19)",Active,Support,Uni Academy Bellevue University ExO: Sakura Cross Soul,"Lúcio, Brigitte, Kiriko",Overwatch Overwatch 2,"$3,428"
rzr,,Canada,"September  6, 2002 (age 22)",Active,DPS Support,St. Clair College DhillDucks,"Genji, Echo, Tracer",Overwatch Overwatch 2,"$10,922"
Meng,Ding Menghan,China,"September 29, 1996 (age 28)",Active,Tank,Milk Tea,"Wrecking Ball, Orisa, Reinhardt",,"$38,357"
Willys07,,Sweden,"November  1, 2007 (age 17)",Active,Tank,,"D.Va, Sigma, Ramattra",Overwatch Overwatch 2,"$3,919"
Momoga,,China,,Active,Support,Little Sheep,,Overwatch Overwatch 2,"$3,539"
Painkiller,,United States,"April 12, 2004 (age 21)",Active,Tank,Sign Esports NTMR Northwood University Blue,"Ramattra, Junker Queen, D.Va",Overwatch 2,"$4,901"
Pelican,Oh Se-hyun,South Korea,"July  5, 2002 (age 23)",Active,DPS Coach,ZETA DIVISION,"Echo, Genji, Mei",Overwatch Overwatch 2,"$327,842"
Kiibo,,Japan,"December 28, 2002 (age 22)",Active,Support Streamer,Inferno Nyam Gaming,"Lúcio, Brigitte",Overwatch 2,$992
MuZe,Kim Young-hun,South Korea,"September 16, 2002 (age 22)",Active,Coach Tank,Lazuli,"Winston, Wrecking Ball, Reinhardt",Overwatch Overwatch 2,"$74,618"
Kame,,Singapore,"March  5, 2001 (age 24)",Active,Support Flex,I LOVE YOU,"Ana, Kiriko, Tracer",Overwatch Overwatch 2,"$7,825"
Hadi,,Germany Lebanon,"October  9, 2000 (age 24)",Active,Tank Coach,,"Reinhardt, Wrecking Ball, Mauga",Overwatch Overwatch 2,"$121,014"
Arc,,,,,,,,,
NewJ,,Japan,,Active,DPS,Lazuli,"Sojourn, Ashe, Widowmaker",Overwatch 2,"$1,506"
OPENER,An Gi-beom,South Korea,"April  3, 2004 (age 21)",Active,Support,ONSIDE GAMING,"Lúcio, Mercy, Brigitte",Overwatch Overwatch 2,"$11,411"
Soll,,,,,,,,,
A1IEN,Han Yu-bin,South Korea,"June 26, 2005 (age 20)",Active,DPS,Poker Face,"Sojourn, Widowmaker, Ashe",Overwatch Overwatch 2,"$13,040"
Hysteria,Wang Yihao,China,,Active,Support,,,,"$9,618"
Schwi,Lee Dong-jae,South Korea,"October  6, 2001 (age 23)",Active,Support DPS,,"Kiriko, Pharah, Doomfist",Overwatch Overwatch 2,"$23,505"
Winter,Wang Feiyu,China,,Retired,DPS,,"Tracer, Genji, Pharah",,"$40,272"
SP1NT,An Woo-jin,South Korea,"December 28, 2007 (age 17)",Active,DPS,Poker Face,"Genji, Tracer, Echo",Overwatch Overwatch 2,"$4,721"
shy,Zheng Yangjie,China,"October 22, 2002 (age 22)",Active,DPS,Weibo Gaming,"Widowmaker, Sojourn, Ashe",Overwatch,"$147,718"
Noricutea,,,,,,,,,
TOPDRAGON,Jeong Seung-yong,South Korea,"January  3, 2005 (age 20)",Active,DPS,VARREL,"Echo, Pharah, Genji",Overwatch Overwatch 2,"$32,396"
Kalios,Shin Wooyul,South Korea,"November  9, 1998 (age 26)",Active,Tank Coach,REJECT,"Zarya, D.Va, Junker Queen",Overwatch Overwatch 2,"$55,614"
Vindaim,Park Jun-woo,South Korea,"August 30, 2003 (age 21)",Active,Support,,"Brigitte, Lúcio, Mercy",Overwatch Overwatch 2,"$48,330"
FunnyAstro,,United Kingdom,"March 21, 2000 (age 25)",Active,Support,Twisted Minds,"Lúcio, Brigitte, Juno",Overwatch Overwatch 2,"$247,849"
Hamumaru,,Japan,,Active,Support,,"Illari, Ana, Juno",Overwatch 2,$283
intark,Choi In-tark,South Korea,"November 19, 2004 (age 20)",Active,Support,MENG GONG 2,"Brigitte, Lúcio, Mercy",Overwatch 2,$370
Quartz,Ibrahem Alali,Saudi Arabia,"February 12, 2005 (age 20)",Active,DPS,Twisted Minds,"Widowmaker, Ashe, Sojourn",Overwatch Overwatch 2,"$115,343"
Zorrow,,Sweden,"February 16, 2006 (age 19)",Active,DPS Coach,Anomaly,"Cassidy, Sojourn, Ashe",Overwatch 2,"$3,723"
Soulsay,,Canada Japan,"August 30, 2005 (age 19)",Active,DPS,EXN Zero,"Tracer, Genji, Echo",Overwatch 2,$691
WMaimone,,Wales United Kingdom,"April 26, 2004 (age 21)",Active,DPS,Geekay Esports,"Tracer, Echo, Sombra",Overwatch Overwatch 2,"$49,527"
Farway2025,Cao Jiale,China,"September 11, 2001 (age 23)",Active,Support,Team CC,"Zenyatta, Ana, Baptiste",,"$85,575"
Unkn0w,Ren Yanchao,China,"July 23, 2003 (age 22)",Active,Support,Team CC,"Brigitte, Lúcio, Mercy",,"$4,257"
Osato,,,,,,,,,
Frogger,,Australia,January 11,Active,Support Streamer,MFC,,Overwatch Overwatch 2,"$14,731"
Maksal,,Thailand,"April 11, 2003 (age 22)",Active,Support DPS,,"Kiriko, Tracer, Lúcio",Overwatch Overwatch 2,"$1,211"
CQB,Yang Hao-cheng,Taiwan,"February 12, 1998 (age 27)",Active,Support,MENG GONG 2,,Overwatch Overwatch 2,"$40,886"
CINNAMON,,,,,,,,,
Mmonk,Zhou Xiang,China,"August  9, 2001 (age 23)",Active,Support,Weibo Gaming,"Ana, Zenyatta, Baptiste",,"$96,268"
sgy,,Singapore,"September 11, 2003 (age 21)",Active,DPS,,"Tracer, Echo, Junkrat",Overwatch Overwatch 2,"$23,498"
Natsuki,,Netherlands,"February 13, 1998 (age 27)",Active,Support,1DIPVS100GORILLAS,"Brigitte, Lúcio, Baptiste",Overwatch Overwatch 2,"$4,049"
Rupal,,United States Bangladesh,"September  4, 2002 (age 22)",Active,Support,Team Liquid,"Baptiste, Ana, Kiriko",Overwatch Overwatch 2,"$339,037"
RhynO,,United States,"March 15, 2006 (age 19)",,Tank,Sign Esports NTMR,"Orisa, Reinhardt, Wrecking Ball",Overwatch Overwatch 2,"$28,806"
Fari,Wang Qirong,China,,Active,DPS,Homie E,"Widowmaker, Ashe, Sojourn",,"$3,961"
Gilly,,Australia,"October 22, 2001 (age 23)",Active,Tank,The Gatos Guapos,"Junker Queen, D.Va, Zarya",Overwatch Overwatch 2,"$19,428"
LadyLu,,,,,,,,,
M00N,Lee Chou-hsuan,Taiwan,"February 19, 2005 (age 20)",Active,Support,MENG GONG 2,"Ana, Kiriko, Zenyatta",Overwatch 2,$417
Shu,Kim Jin-seo,South Korea,"July 12, 2000 (age 25)",Active,Support,Crazy Raccoon,"Baptiste, Zenyatta, Ana",Overwatch Overwatch 2,"$417,048"
PAK,,France,,Active,DPS,Frost Tails eSport,"Genji, Mei, Symmetra",Overwatch Overwatch 2,"$7,041"
cinnabar,,United States Philippines,"February 11, 2006 (age 19)",Active,Support,Sakura Esports DhillKucks,"Lúcio, Brigitte, Mercy",Overwatch 2,"$4,203"
ZIYAD,Ziyad,Saudi Arabia,"September 21, 2007 (age 17)",Active,Tank,Al Qadsiah,"D.Va, Sigma, Junker Queen",Overwatch 2,"$16,733"
CLEAR,,United States,"April 24, 2004 (age 21)",Active,Tank,Sakura Esports Boise State University,"D.Va, Junker Queen, Mauga",Overwatch Overwatch 2,"$27,399"
RLG5656,,Japan,"January 20, 1997 (age 28)",Active,DPS,Please Not Hero Ban,,Overwatch 2,$983
redex,,Canada,"July 17, 2002 (age 23)",Active,Support,St. Clair College DhillDucks Tanuki Tapire,"Lúcio, Baptiste, Zenyatta",Overwatch Overwatch 2,"$4,220"
Roxy,Park Si-heon,South Korea,"July 12, 2005 (age 20)",Active,Tank,Nyam Gaming,"D.Va, Sigma, Zarya",Overwatch Overwatch 2,"$2,451"
peace,,United States,"June 17, 2003 (age 22)",Active,DPS,Sakura Esports DhillKucks Bryant & Stratton College Virginia,"Genji, Echo, Hanzo",Overwatch Overwatch 2,"$9,246"
JUTSU,,United States United Kingdom,"November 25, 2004 (age 20)",Active,DPS,Supernova,"Widowmaker, Sojourn, Ashe",Overwatch 2,"$3,395"
irony,Kim Hyeong-woo,South Korea,"January  7, 2002 (age 23)",Active,Support,ONSIDE GAMING,"Zenyatta, Ana, Moira",Overwatch Overwatch 2,"$56,188"
XLIM,,,,,,,,,
Joo,,Malaysia,"May 15, 2004 (age 21)",Active,DPS,Full House,"Sojourn, Cassidy, Tracer",Overwatch Overwatch 2,"$2,273"
JY2006,,,,,,,,,
Jaya,Gong Jun,China,"July 20, 2000 (age 25)",Active,Tank Flex,,"Tracer, Genji, Hazard",Overwatch 2,"$4,012"
DMS,Luo Jiahao,China,"November 23, 1998 (age 26)",Active,Support,,"Lúcio, Mercy, Brigitte",,"$6,097"
Fielder,Kwon Joon,South Korea,"January 29, 2002 (age 23)",Active,Support,Team Falcons,"Baptiste, Ana, Kiriko",Overwatch Overwatch 2,"$456,773"
Achieve,,,,,,,,,
Angey,,,,,,,,,
Asuna,,,,,,,,,
Xii,Gong Zixi,China,"July 12, 2000 (age 25)",Active,Support,Milk Tea,"Lúcio, Mercy",,"$11,281"
SOMEONE,Ham Jeong-wan,South Korea,"April 24, 2004 (age 21)",Active,Tank,Team Falcons,"Reinhardt, Winston, Ramattra",Overwatch Overwatch 2,"$336,109"
zzz,,United States,"April 25, 2003 (age 22)",Active,Support,Sakura Esports DhillKucks,"Baptiste, Kiriko, Ana",Overwatch Overwatch 2,"$24,019"
AlphaYi,Kim Jun,South Korea,"November 27, 2002 (age 22)",Active,Support DPS,ZETA DIVISION,"Genji, Tracer, Echo",Overwatch Overwatch 2,"$80,680"
nvm,,United States,"July  1, 2005 (age 20)",Active,DPS,"Extinction University of California, Santa Cruz","Tracer, Genji, Pharah",Overwatch 2,"$3,634"
HVS,Nathawit Prajong,Thailand,"November 26, 2004 (age 20)",Active,DPS,,"Sojourn, Ashe, Cassidy",Overwatch 2,"$9,487"
M0CHA,Ma Chenyu,China,,Active,Tank,Team Equal Euphoria,,,"$8,837"
JINSUNG,Jung Jin-sung,South Korea,"November  9, 2005 (age 19)",Active,Support,,"Ana, Zenyatta, Kiriko",Overwatch Overwatch 2,"$2,813"
Lethal,,Turkey,"October  1, 2002 (age 22)",Active,DPS,Geekay Esports,"Ashe, Widowmaker, Cassidy",Overwatch Overwatch 2,"$63,887"
TOMITAKEexe,,,,,,,,,
Ryan,Ryan Abdullah,Saudi Arabia,,Retired,Support,,"Zenyatta, Ana",Overwatch Overwatch 2,"$5,819"
Jae,,Vietnam Australia,"April 28, 2003 (age 22)",Active,Support,mud dog,"Brigitte, Kiriko, Lúcio",Overwatch Overwatch 2,"$3,483"
Crimsyn,,New Zealand,,Active,Support,mud dog,"Ana, Zenyatta, Baptiste",Overwatch Overwatch 2,"$6,031"
qki,Hirayama Nariaki,Japan,"February 20, 1998 (age 27)",Active,DPS,VARREL,"Sombra, Tracer, Echo",Overwatch Overwatch 2,"$8,717"
Hofac,Noh Jung-woo,South Korea,"January 27, 2005 (age 20)",Active,DPS,,"Sojourn, Widowmaker, Cassidy",Overwatch Overwatch 2,"$2,771"
kevster,,Sweden,"May 21, 2001 (age 24)",Active,DPS,The Ultimates,"Tracer, Genji, Widowmaker",Overwatch Overwatch 2,"$173,996"
CH0R0NG,Sung Yoo-min,South Korea,"December  8, 2003 (age 21)",Active,Support,Crazy Raccoon,"Lúcio, Brigitte, Kiriko",Overwatch Overwatch 2,"$393,157"
FrothyFilly7,,United States,"May 18, 2004 (age 21)",Active,Support,DhillDucks,"Kiriko, Baptiste, Ana",Overwatch Overwatch 2,"$1,725"
Pride,Deng Shihang,China,"January  3, 2004 (age 21)",Active,DPS,ZONES,"Genji, Echo, Tracer",Overwatch,"$2,141"
Mememachine,,Singapore,"November 12, 2000 (age 24)",Active,Support Manager,Cold Metal,"Brigitte, Lúcio, Lifeweaver",Overwatch Overwatch 2,"$2,906"
Kim,Liang Yibin,China,"March  9, 2003 (age 22)",Active,Support,,"Juno, Ana, Kiriko",,"$2,873"
Netra,,United Kingdom,"April  1, 2005 (age 20)",Active,Support,,"Kiriko, Baptiste, Ana",Overwatch 2,"$1,314"
Alphari,Hua Yankai,China,"September 13, 2005 (age 19)",Active,DPS,Little Sheep,"Genji, Tracer, Pharah",,"$3,263"
Mayweather,,,,,,,,,
ike,,Australia,,Inactive,DPS,,"Tracer, Hanzo, Widowmaker",Overwatch,"$3,225"
Lep,,United States Argentina,"July 30, 2002 (age 23)",Active,Support Coach,Sign Esports NTMR Northwood University Blue,"Lúcio, Brigitte, Mercy",Overwatch Overwatch 2,"$30,546"
Abbs,,United Kingdom India,"February  6, 1999 (age 26)",Active,Support,ZoKorp Esports,"Ana, Zenyatta, Lúcio",Overwatch Overwatch 2,"$13,816"
elia,,South Korea,"December 18, 2007 (age 17)",Active,Tank,,"Winston, Ramattra, Sigma",Overwatch 2,$497
Jeremy,,,,,,,,,
icesoul,,,,,,,,,
Qiezi,,,,,,,,,
Meruna,,Japan,,Active,DPS,Nyam Gaming,"Sojourn, Tracer, Widowmaker",Overwatch 2,$376
Secret,Zhao Xu,China,"June 29, 1998 (age 27)",Retired,Support,,,,"$17,316"
Kronik,,United States,"April  6, 2004 (age 21)",Active,DPS,Sign Esports NTMR Northwood University Blue,"Widowmaker, Sombra, Sojourn",Overwatch Overwatch 2,"$8,006"
ky0n,,,,,,,,,
Lightt,,Taiwan United States,"December 19, 2002 (age 22)",Active,Flex,The Gatos Guapos,"Doomfist, Widowmaker, Kiriko",Overwatch Overwatch 2,"$9,576"
ZeSin,Song Yun-jin,South Korea,"March 24, 2005 (age 20)",Active,DPS,VEC,"Widowmaker, Sojourn, Cassidy",Overwatch Overwatch 2,"$2,106"
k1ng,,United States,"July 13, 2004 (age 21)",Active,DPS,Anomaly,"Genji, Tracer, Echo",Overwatch Overwatch 2,"$32,679"
LIP,Lee Jae-won,South Korea,"November  5, 2001 (age 23)",Active,DPS,Crazy Raccoon,"Sombra, Sojourn, Widowmaker",Overwatch Overwatch 2,"$601,045"
False,,Canada,"February 16, 2002 (age 23)",Active,Tank,Supernova,"D.Va, Sigma, Zarya",Overwatch Overwatch 2,"$32,249"
Hyeonjun,Hong Hyeon-jun,South Korea,"April 19, 2007 (age 18)",Active,Support,Little Sheep,"Illari, Ana, Kiriko",Overwatch 2,$976
search,Bong Wook,South Korea,"May  4, 2004 (age 21)",Active,Support Coach,VEC,"Lúcio, Brigitte, Mercy",Overwatch Overwatch 2,"$3,110"
Skyshow,Wan Wenjun,China,"November 24, 2001 (age 23)",Active,DPS,Little Sheep,"Hanzo, Widowmaker, Cassidy",,"$7,367"
Kusari,Tang Leyuan,China,"July  2, 2004 (age 21)",Active,Support,Little Sheep,"Kiriko, Juno, Ana",,"$3,033"
Viol2t,Park Min-ki,South Korea,"April 17, 2000 (age 25)",Active,Support,Team Vision,"Zenyatta, Baptiste, Lúcio",Overwatch Overwatch 2,"$644,276"
Regr3T,,Australia,"February 18, 2004 (age 21)",Active,DPS,The Bakery I LOVE YOU,"Widowmaker, Cassidy, Sojourn",Overwatch 2,$916
Fearful,Lee Min-ho,South Korea,"April  5, 2005 (age 20)",Active,Tank,,"Winston, Wrecking Ball, Reinhardt",Overwatch Overwatch 2,"$1,875"
Flicker,Xu Cheng,China,,Active,DPS,Team Equal,,,"$3,354"
TVNT,Abdualziz Altmimi,Saudi Arabia,"October 19, 2005 (age 19)",Active,Tank,Twisted Minds,"Sigma, D.Va, Ramattra",Overwatch Overwatch 2,"$49,889"
Neuu,,Australia,"February 19, 2001 (age 24)",Retired,DPS Tank,,"Ashe, Sojourn, Cassidy",Overwatch Overwatch 2,"$7,184"
LeeSooMin,Lee Soo-Min,South Korea,"July 10, 2005 (age 20)",Active,Support,All Gamers Global,"Ana, Zenyatta, Brigitte",Overwatch Overwatch 2,"$16,482"
Wen,Wen Shihai,China,,Active,Tank,Homie E,,,"$3,136"
Pugz,,Australia,,Active,Support,The Bakery,"Brigitte, Lúcio, Kiriko",Overwatch 2,$846
Erikek,,Spain Denmark,"July 16, 2003 (age 22)",Active,Tank,,"Winston, Ramattra, Sigma",Overwatch Overwatch 2,"$3,753"
FodCarry,So Hyun-seo,South Korea,"July 16, 2007 (age 18)",Active,DPS Coach,,"Tracer, Genji, Sojourn",Overwatch Overwatch 2,"$1,675"
Jimmy,Lei Yujia,China,"July  1, 2001 (age 24)",Active,Streamer DPS,Super Levi,"Hanzo, Widowmaker, Ashe",,"$33,303"
CARU,Kim Beom-jun,South Korea,"September 10, 2004 (age 20)",Active,Support,,"Ana, Moira, Kiriko",Overwatch Overwatch 2,"$4,660"
ShakeIt,Narabodin Nakhonkhwang,Thailand,"February 14, 2001 (age 24)",Active,DPS,,"Sojourn, Widowmaker, Soldier: 76",Overwatch 2,"$1,051"
RULER,Kim Yi-gun,South Korea,"July 10, 2006 (age 19)",Active,Tank,ZONES,"Zarya, D.Va, Sigma",Overwatch Overwatch 2,"$3,413"
Colourhex,,New Zealand,"November 17, 1997 (age 27)",Active,DPS Flex,The Gatos Guapos,"Echo, Hanzo, Kiriko",Overwatch Overwatch 2,"$18,881"
Sonic100,,,,,,,,,
Water,Lee Min-Seong,South Korea,"July  8, 1998 (age 27)",Active,DPS,ZG,"Genji, Pharah, Hanzo",Overwatch Overwatch 2,"$13,185"
GAGA,Qiu Jiaxin,China,"April 12, 2000 (age 25)",Active,Tank,Team CC,"Wrecking Ball, Reinhardt, Winston",,"$77,466"
Keios,,,,,,,,,
Chicken,,,,,,,,,
pythorn,,,,,,,,,
Probe,Jung Jun-young,South Korea,"March  6, 2005 (age 20)",Active,DPS,,"Widowmaker, Cassidy, Freja",Overwatch Overwatch 2,"$34,419"
POSS,,,,,,,,,
Belosrea,Hwang Gyu-tae,South Korea,"January 10, 2004 (age 21)",Active,Tank,ROC Esports,"Winston, Reinhardt, Wrecking Ball",Overwatch Overwatch 2,"$43,153"
Kaneki,Liu Nian,China,"August 16, 2002 (age 22)",Active,DPS Support,Team CC,"Kiriko, Ana, Pharah",,"$37,173"
AOKIGAHARA,Tamotsu Nobuhara,Japan,,Active,DPS Support,VortexWolf,"Sojourn, Widowmaker, Ashe",Overwatch 2,"$1,100"
wya,Qi Haomiao,China,"December 21, 2000 (age 24)",Active,Support,ZONES,"Ana, Zenyatta, D.Va",,"$51,897"
Nyang,Park Su-young,South Korea,"February  1, 2002 (age 23)",Active,DPS,The Gatos Guapos,"Widowmaker, Ashe, Sojourn",Overwatch Overwatch 2,"$19,105"
Ackyyy,,Australia,"November  5, 2001 (age 23)",Active,Support,The Gatos Guapos,"Ana, Kiriko, Baptiste",Overwatch Overwatch 2,"$29,033"
Huntin,,Australia,"February 21, 2005 (age 20)",Active,Support,The Bakery,"Juno, Ana, Kiriko",Overwatch 2,$681
Mikouw,Wan Tsz-kit,Hong Kong,,Active,DPS,MENG GONG 2,"Tracer, Hanzo, Widowmaker",Overwatch Overwatch 2,"$6,672"
Gur3um,Jeon Yong-min,South Korea,"June  1, 2004 (age 21)",Active,Tank,,"Sigma, D.Va, Junker Queen",Overwatch Overwatch 2,"$3,369"
Pobi,Jang Il-ji,South Korea,"November 20, 2004 (age 20)",Active,Tank,I LOVE YOU,"Winston, Wrecking Ball, Orisa",Overwatch Overwatch 2,$237
HyVision,Nathawit Prajong,Thailand,"November 26, 2004 (age 20)",Active,DPS,,"Sojourn, Ashe, Cassidy",Overwatch 2,"$9,487"
Kai,,United Kingdom,"June 17, 2000 (age 25)",Active,DPS,The Ultimates,"Sojourn, Widowmaker, Ashe",Overwatch Overwatch 2,"$203,285"
Lilko,Yi Jinlin,China,"September  2, 2004 (age 20)",Active,DPS,Homie E,"Tracer, Echo, Genji",,"$3,462"
cow,,,,,,,,,
vigilante,Kim Joon,South Korea,"July  1, 2004 (age 21)",Active,Support,T1,"Ana, Zenyatta, Baptiste",Overwatch Overwatch 2,"$101,795"
wub,,United States,"April 12, 2001 (age 24)",Retired,DPS,,"Widowmaker, Hanzo, Echo",Overwatch Overwatch 2,"$31,981"
SoOn,,France,"February  4, 1994 (age 31)",Active,DPS,Team Peps,"Tracer, Widowmaker, Cassidy",Overwatch Overwatch 2,"$115,549"
SirMajed,Majed Alrashied,Saudi Arabia,"January 24, 2004 (age 21)",Active,Support,Team Falcons,"Illari, Baptiste, Zenyatta",Overwatch Overwatch 2,"$110,189"
EmolGa,Ju Gi-woong,South Korea,"January 20, 2003 (age 22)",Active,Support Tank,Amplify,"Sigma, D.Va, Lúcio",Overwatch Overwatch 2,"$3,179"
MSCG,Prabda Watthanaworasakul,Thailand,"February 10, 2004 (age 21)",Active,Support,Cold Metal,"Ana, Zenyatta, Kiriko",Overwatch 2,"$2,587"
Infekted,,United States,"February 13, 2007 (age 18)",Active,Tank Coach,Team Liquid Winthrop University,"Reinhardt, Wrecking Ball, Winston",Overwatch Overwatch 2,"$40,307"
Tropica,,,,,,,,,
